-- Complete Western US Cities for Collision Shop Directory
-- This includes major cities, suburbs, and mid-size cities (population 25,000+)

INSERT INTO cities (city, state, slug, population) VALUES
-- NEVADA (More cities)
('Las Vegas', 'NV', 'las-vegas-nv', 641903),
('Henderson', 'NV', 'henderson-nv', 317610),
('Reno', 'NV', 'reno-nv', 264165),
('North Las Vegas', 'NV', 'north-las-vegas-nv', 262527),
('Sparks', 'NV', 'sparks-nv', 108445),
('Carson City', 'NV', 'carson-city-nv', 58639),
('Fernley', 'NV', 'fernley-nv', 22895),
('Mesquite', 'NV', 'mesquite-nv', 20471),
('Elko', 'NV', 'elko-nv', 20564),
('Boulder City', 'NV', 'boulder-city-nv', 14966),
('Fallon', 'NV', 'fallon-nv', 9327),
('Winnemucca', 'NV', 'winnemucca-nv', 8431),

-- CALIFORNIA (Major cities and suburbs)
('Los Angeles', 'CA', 'los-angeles-ca', 3898747),
('San Diego', 'CA', 'san-diego-ca', 1386932),
('San Jose', 'CA', 'san-jose-ca', 1013240),
('San Francisco', 'CA', 'san-francisco-ca', 873965),
('Fresno', 'CA', 'fresno-ca', 542107),
('Sacramento', 'CA', 'sacramento-ca', 524943),
('Long Beach', 'CA', 'long-beach-ca', 466742),
('Oakland', 'CA', 'oakland-ca', 440646),
('Bakersfield', 'CA', 'bakersfield-ca', 383579),
('Anaheim', 'CA', 'anaheim-ca', 346824),
('Santa Ana', 'CA', 'santa-ana-ca', 310227),
('Riverside', 'CA', 'riverside-ca', 314998),
('Stockton', 'CA', 'stockton-ca', 320804),
('Irvine', 'CA', 'irvine-ca', 307670),
('Chula Vista', 'CA', 'chula-vista-ca', 275487),
('Fremont', 'CA', 'fremont-ca', 241110),
('San Bernardino', 'CA', 'san-bernardino-ca', 222101),
('Modesto', 'CA', 'modesto-ca', 218464),
('Fontana', 'CA', 'fontana-ca', 208393),
('Oxnard', 'CA', 'oxnard-ca', 202063),
('Moreno Valley', 'CA', 'moreno-valley-ca', 208634),
('Glendale', 'CA', 'glendale-ca', 196543),
('Huntington Beach', 'CA', 'huntington-beach-ca', 198711),
('Santa Clarita', 'CA', 'santa-clarita-ca', 228673),
('Garden Grove', 'CA', 'garden-grove-ca', 171949),
('Santa Rosa', 'CA', 'santa-rosa-ca', 178127),
('Oceanside', 'CA', 'oceanside-ca', 174648),
('Rancho Cucamonga', 'CA', 'rancho-cucamonga-ca', 174453),
('Ontario', 'CA', 'ontario-ca', 175265),
('Lancaster', 'CA', 'lancaster-ca', 173516),
('Elk Grove', 'CA', 'elk-grove-ca', 176124),
('Palmdale', 'CA', 'palmdale-ca', 169450),
('Corona', 'CA', 'corona-ca', 169868),
('Salinas', 'CA', 'salinas-ca', 163542),
('Pomona', 'CA', 'pomona-ca', 151713),
('Hayward', 'CA', 'hayward-ca', 162954),
('Escondido', 'CA', 'escondido-ca', 151038),
('Torrance', 'CA', 'torrance-ca', 147067),
('Sunnyvale', 'CA', 'sunnyvale-ca', 155805),
('Orange', 'CA', 'orange-ca', 139911),
('Pasadena', 'CA', 'pasadena-ca', 138699),
('Fullerton', 'CA', 'fullerton-ca', 143617),
('Thousand Oaks', 'CA', 'thousand-oaks-ca', 126966),
('Visalia', 'CA', 'visalia-ca', 141384),
('Simi Valley', 'CA', 'simi-valley-ca', 126356),
('Concord', 'CA', 'concord-ca', 129295),
('Roseville', 'CA', 'roseville-ca', 147773),
('Santa Clara', 'CA', 'santa-clara-ca', 127647),
('Vallejo', 'CA', 'vallejo-ca', 126090),
('Victorville', 'CA', 'victorville-ca', 134810),
('El Monte', 'CA', 'el-monte-ca', 109450),
('Downey', 'CA', 'downey-ca', 114355),
('Costa Mesa', 'CA', 'costa-mesa-ca', 111918),
('Inglewood', 'CA', 'inglewood-ca', 107762),
('Ventura', 'CA', 'ventura-ca', 110763),
('West Covina', 'CA', 'west-covina-ca', 109501),
('Norwalk', 'CA', 'norwalk-ca', 102773),
('Carlsbad', 'CA', 'carlsbad-ca', 114746),
('Fairfield', 'CA', 'fairfield-ca', 119881),
('Richmond', 'CA', 'richmond-ca', 116448),
('Murrieta', 'CA', 'murrieta-ca', 110949),
('Burbank', 'CA', 'burbank-ca', 107337),
('Antioch', 'CA', 'antioch-ca', 115291),
('Daly City', 'CA', 'daly-city-ca', 104901),
('Temecula', 'CA', 'temecula-ca', 110003),
('Santa Maria', 'CA', 'santa-maria-ca', 109707),
('El Cajon', 'CA', 'el-cajon-ca', 106215),
('Rialto', 'CA', 'rialto-ca', 103526),
('San Mateo', 'CA', 'san-mateo-ca', 105661),
('Clovis', 'CA', 'clovis-ca', 120124),

-- ARIZONA (All major cities)
('Phoenix', 'AZ', 'phoenix-az', 1608139),
('Tucson', 'AZ', 'tucson-az', 548073),
('Mesa', 'AZ', 'mesa-az', 504258),
('Chandler', 'AZ', 'chandler-az', 275987),
('Scottsdale', 'AZ', 'scottsdale-az', 255310),
('Glendale', 'AZ', 'glendale-az', 248325),
('Gilbert', 'AZ', 'gilbert-az', 267918),
('Tempe', 'AZ', 'tempe-az', 195805),
('Peoria', 'AZ', 'peoria-az', 190985),
('Surprise', 'AZ', 'surprise-az', 143148),
('Yuma', 'AZ', 'yuma-az', 95548),
('San Tan Valley', 'AZ', 'san-tan-valley-az', 104936),
('Avondale', 'AZ', 'avondale-az', 89334),
('Goodyear', 'AZ', 'goodyear-az', 95294),
('Flagstaff', 'AZ', 'flagstaff-az', 75038),
('Buckeye', 'AZ', 'buckeye-az', 91502),
('Casa Grande', 'AZ', 'casa-grande-az', 58632),
('Lake Havasu City', 'AZ', 'lake-havasu-city-az', 57144),
('Maricopa', 'AZ', 'maricopa-az', 62720),
('Oro Valley', 'AZ', 'oro-valley-az', 47070),
('Prescott Valley', 'AZ', 'prescott-valley-az', 46785),
('Queen Creek', 'AZ', 'queen-creek-az', 59519),
('Prescott', 'AZ', 'prescott-az', 45827),
('Apache Junction', 'AZ', 'apache-junction-az', 46671),
('Bullhead City', 'AZ', 'bullhead-city-az', 41348),
('Fountain Hills', 'AZ', 'fountain-hills-az', 23820),
('El Mirage', 'AZ', 'el-mirage-az', 36481),
('Kingman', 'AZ', 'kingman-az', 32689),
('Sierra Vista', 'AZ', 'sierra-vista-az', 45129),
('Sahuarita', 'AZ', 'sahuarita-az', 34794),

-- WASHINGTON (All major cities)
('Seattle', 'WA', 'seattle-wa', 737015),
('Spokane', 'WA', 'spokane-wa', 228989),
('Tacoma', 'WA', 'tacoma-wa', 219346),
('Vancouver', 'WA', 'vancouver-wa', 190915),
('Bellevue', 'WA', 'bellevue-wa', 151854),
('Kent', 'WA', 'kent-wa', 136588),
('Everett', 'WA', 'everett-wa', 112262),
('Renton', 'WA', 'renton-wa', 106785),
('Federal Way', 'WA', 'federal-way-wa', 101030),
('Yakima', 'WA', 'yakima-wa', 96968),
('Spokane Valley', 'WA', 'spokane-valley-wa', 102976),
('Kirkland', 'WA', 'kirkland-wa', 93010),
('Bellingham', 'WA', 'bellingham-wa', 91482),
('Auburn', 'WA', 'auburn-wa', 87256),
('Kennewick', 'WA', 'kennewick-wa', 83921),
('Marysville', 'WA', 'marysville-wa', 70714),
('Lakewood', 'WA', 'lakewood-wa', 63612),
('Redmond', 'WA', 'redmond-wa', 73256),
('Shoreline', 'WA', 'shoreline-wa', 58608),
('Richland', 'WA', 'richland-wa', 60560),
('Sammamish', 'WA', 'sammamish-wa', 67455),
('Burien', 'WA', 'burien-wa', 52066),
('Olympia', 'WA', 'olympia-wa', 55605),
('Lacey', 'WA', 'lacey-wa', 53526),
('Edmonds', 'WA', 'edmonds-wa', 42853),
('Puyallup', 'WA', 'puyallup-wa', 42407),
('Lynnwood', 'WA', 'lynnwood-wa', 38538),
('Bothell', 'WA', 'bothell-wa', 48161),
('Bremerton', 'WA', 'bremerton-wa', 43505),
('Pasco', 'WA', 'pasco-wa', 77108),
('Pullman', 'WA', 'pullman-wa', 32901),
('Walla Walla', 'WA', 'walla-walla-wa', 34060),
('Mount Vernon', 'WA', 'mount-vernon-wa', 35219),
('Wenatchee', 'WA', 'wenatchee-wa', 35508),
('Longview', 'WA', 'longview-wa', 37818),
('Issaquah', 'WA', 'issaquah-wa', 40051),

-- OREGON (All major cities)
('Portland', 'OR', 'portland-or', 652503),
('Eugene', 'OR', 'eugene-or', 176654),
('Salem', 'OR', 'salem-or', 177432),
('Gresham', 'OR', 'gresham-or', 114247),
('Hillsboro', 'OR', 'hillsboro-or', 109128),
('Beaverton', 'OR', 'beaverton-or', 97494),
('Bend', 'OR', 'bend-or', 99178),
('Medford', 'OR', 'medford-or', 85824),
('Springfield', 'OR', 'springfield-or', 62256),
('Corvallis', 'OR', 'corvallis-or', 59922),
('Albany', 'OR', 'albany-or', 56472),
('Tigard', 'OR', 'tigard-or', 54539),
('Lake Oswego', 'OR', 'lake-oswego-or', 40731),
('Keizer', 'OR', 'keizer-or', 39376),
('Grants Pass', 'OR', 'grants-pass-or', 39194),
('Oregon City', 'OR', 'oregon-city-or', 37057),
('McMinnville', 'OR', 'mcminnville-or', 34743),
('Redmond', 'OR', 'redmond-or', 33708),
('Tualatin', 'OR', 'tualatin-or', 27942),
('West Linn', 'OR', 'west-linn-or', 27373),
('Woodburn', 'OR', 'woodburn-or', 26173),
('Forest Grove', 'OR', 'forest-grove-or', 25767),
('Wilsonville', 'OR', 'wilsonville-or', 26664),
('Newberg', 'OR', 'newberg-or', 25138),
('Happy Valley', 'OR', 'happy-valley-or', 23049),
('Milwaukie', 'OR', 'milwaukie-or', 21119),
('Roseburg', 'OR', 'roseburg-or', 23683),
('Klamath Falls', 'OR', 'klamath-falls-or', 21813),
('Ashland', 'OR', 'ashland-or', 21360),

-- UTAH (All major cities)
('Salt Lake City', 'UT', 'salt-lake-city-ut', 200133),
('West Valley City', 'UT', 'west-valley-city-ut', 140230),
('West Jordan', 'UT', 'west-jordan-ut', 116961),
('Provo', 'UT', 'provo-ut', 115162),
('Sandy', 'UT', 'sandy-ut', 96904),
('Orem', 'UT', 'orem-ut', 98129),
('Ogden', 'UT', 'ogden-ut', 87321),
('St. George', 'UT', 'st-george-ut', 95342),
('Layton', 'UT', 'layton-ut', 81773),
('South Jordan', 'UT', 'south-jordan-ut', 77487),
('Lehi', 'UT', 'lehi-ut', 75907),
('Millcreek', 'UT', 'millcreek-ut', 63380),
('Taylorsville', 'UT', 'taylorsville-ut', 60448),
('Murray', 'UT', 'murray-ut', 50637),
('Draper', 'UT', 'draper-ut', 51017),
('Bountiful', 'UT', 'bountiful-ut', 45762),
('Riverton', 'UT', 'riverton-ut', 45285),
('Roy', 'UT', 'roy-ut', 39243),
('Spanish Fork', 'UT', 'spanish-fork-ut', 42602),
('Pleasant Grove', 'UT', 'pleasant-grove-ut', 37726),
('Kearns', 'UT', 'kearns-ut', 36723),
('Tooele', 'UT', 'tooele-ut', 35742),
('Cottonwood Heights', 'UT', 'cottonwood-heights-ut', 33943),
('Midvale', 'UT', 'midvale-ut', 35205),
('Springville', 'UT', 'springville-ut', 34734),
('Eagle Mountain', 'UT', 'eagle-mountain-ut', 43623),
('Cedar City', 'UT', 'cedar-city-ut', 35235),
('Clearfield', 'UT', 'clearfield-ut', 31909),
('Holladay', 'UT', 'holladay-ut', 31965),
('American Fork', 'UT', 'american-fork-ut', 33337),
('Syracuse', 'UT', 'syracuse-ut', 32467),
('Saratoga Springs', 'UT', 'saratoga-springs-ut', 37696),
('Magna', 'UT', 'magna-ut', 29251),
('Washington', 'UT', 'washington-ut', 27993),
('South Salt Lake', 'UT', 'south-salt-lake-ut', 25410),
('Farmington', 'UT', 'farmington-ut', 24531),
('Clinton', 'UT', 'clinton-ut', 23197),
('North Salt Lake', 'UT', 'north-salt-lake-ut', 21599),
('Payson', 'UT', 'payson-ut', 21101),
('North Ogden', 'UT', 'north-ogden-ut', 20916),
('Brigham City', 'UT', 'brigham-city-ut', 19650),
('Highland', 'UT', 'highland-ut', 19012),
('Centerville', 'UT', 'centerville-ut', 17527),
('Hurricane', 'UT', 'hurricane-ut', 20036),
('Heber City', 'UT', 'heber-city-ut', 16362),
('West Haven', 'UT', 'west-haven-ut', 17247),
('Kaysville', 'UT', 'kaysville-ut', 32390),
('Herriman', 'UT', 'herriman-ut', 55144),
('Park City', 'UT', 'park-city-ut', 8504),
('Logan', 'UT', 'logan-ut', 52778),
('Vineyard', 'UT', 'vineyard-ut', 12736),
('Cedar Hills', 'UT', 'cedar-hills-ut', 9796),
('Alpine', 'UT', 'alpine-ut', 10251),
('Santaquin', 'UT', 'santaquin-ut', 13725),
('Smithfield', 'UT', 'smithfield-ut', 12025),
('Ivins', 'UT', 'ivins-ut', 8931),
('Mapleton', 'UT', 'mapleton-ut', 11365),

-- IDAHO (All major cities)
('Boise', 'ID', 'boise-id', 235684),
('Meridian', 'ID', 'meridian-id', 117635),
('Nampa', 'ID', 'nampa-id', 100200),
('Idaho Falls', 'ID', 'idaho-falls-id', 64818),
('Pocatello', 'ID', 'pocatello-id', 56637),
('Caldwell', 'ID', 'caldwell-id', 59996),
('Coeur d''Alene', 'ID', 'coeur-dalene-id', 54628),
('Twin Falls', 'ID', 'twin-falls-id', 51807),
('Lewiston', 'ID', 'lewiston-id', 34203),
('Post Falls', 'ID', 'post-falls-id', 38485),
('Rexburg', 'ID', 'rexburg-id', 39409),
('Eagle', 'ID', 'eagle-id', 30346),
('Moscow', 'ID', 'moscow-id', 25435),
('Kuna', 'ID', 'kuna-id', 24047),
('Ammon', 'ID', 'ammon-id', 17694),
('Mountain Home', 'ID', 'mountain-home-id', 15979),
('Chubbuck', 'ID', 'chubbuck-id', 15570),
('Hayden', 'ID', 'hayden-id', 15049),
('Blackfoot', 'ID', 'blackfoot-id', 12346),
('Garden City', 'ID', 'garden-city-id', 12316),
('Jerome', 'ID', 'jerome-id', 12059),
('Burley', 'ID', 'burley-id', 11704),
('Hailey', 'ID', 'hailey-id', 9589),
('Sandpoint', 'ID', 'sandpoint-id', 9777),
('Rathdrum', 'ID', 'rathdrum-id', 9534),

-- HAWAII (All major islands/cities)
('Honolulu', 'HI', 'honolulu-hi', 345064),
('East Honolulu', 'HI', 'east-honolulu-hi', 50922),
('Pearl City', 'HI', 'pearl-city-hi', 47698),
('Hilo', 'HI', 'hilo-hi', 43263),
('Kailua', 'HI', 'kailua-hi', 40514),
('Waipahu', 'HI', 'waipahu-hi', 38216),
('Kaneohe', 'HI', 'kaneohe-hi', 37430),
('Mililani Town', 'HI', 'mililani-town-hi', 27629),
('Kahului', 'HI', 'kahului-hi', 26337),
('Ewa Gentry', 'HI', 'ewa-gentry-hi', 25358),
('Mililani Mauka', 'HI', 'mililani-mauka-hi', 19808),
('Kihei', 'HI', 'kihei-hi', 21423),
('Makakilo', 'HI', 'makakilo-hi', 19565),
('Wahiawa', 'HI', 'wahiawa-hi', 18658),
('Schofield Barracks', 'HI', 'schofield-barracks-hi', 18122),
('Wailuku', 'HI', 'wailuku-hi', 17697),
('Kapolei', 'HI', 'kapolei-hi', 15186),
('Ewa Beach', 'HI', 'ewa-beach-hi', 14955),
('Royal Kunia', 'HI', 'royal-kunia-hi', 13857),
('Halawa', 'HI', 'halawa-hi', 13401),
('Waimalu', 'HI', 'waimalu-hi', 13155),
('Waianae', 'HI', 'waianae-hi', 13177),
('Nanakuli', 'HI', 'nanakuli-hi', 11461),
('Kailua-Kona', 'HI', 'kailua-kona-hi', 11975),
('Lahaina', 'HI', 'lahaina-hi', 11704),
('Waipio', 'HI', 'waipio-hi', 10972),
('Hawaiian Paradise Park', 'HI', 'hawaiian-paradise-park-hi', 10770),
('Kapaa', 'HI', 'kapaa-hi', 10505),
('Lihue', 'HI', 'lihue-hi', 6455),

-- ALASKA (Major cities and towns)
('Anchorage', 'AK', 'anchorage-ak', 291247),
('Fairbanks', 'AK', 'fairbanks-ak', 32113),
('Juneau', 'AK', 'juneau-ak', 32255),
('Sitka', 'AK', 'sitka-ak', 8493),
('Ketchikan', 'AK', 'ketchikan-ak', 8289),
('Wasilla', 'AK', 'wasilla-ak', 9054),
('Kenai', 'AK', 'kenai-ak', 7424),
('Kodiak', 'AK', 'kodiak-ak', 5581),
('Bethel', 'AK', 'bethel-ak', 6325),
('Palmer', 'AK', 'palmer-ak', 7306),
('Homer', 'AK', 'homer-ak', 5522),
('Unalaska', 'AK', 'unalaska-ak', 4254),
('Barrow', 'AK', 'barrow-ak', 4212),
('Soldotna', 'AK', 'soldotna-ak', 4163),
('Valdez', 'AK', 'valdez-ak', 3976),
('Nome', 'AK', 'nome-ak', 3866),
('Kotzebue', 'AK', 'kotzebue-ak', 3201),
('Petersburg', 'AK', 'petersburg-ak', 3043),
('Seward', 'AK', 'seward-ak', 2773),
('Wrangell', 'AK', 'wrangell-ak', 2127),
('Dillingham', 'AK', 'dillingham-ak', 2065),
('Cordova', 'AK', 'cordova-ak', 2001),
('North Pole', 'AK', 'north-pole-ak', 2117),
('Houston', 'AK', 'houston-ak', 1975),
('Craig', 'AK', 'craig-ak', 1036),
('Haines', 'AK', 'haines-ak', 1811),
('Skagway', 'AK', 'skagway-ak', 1191)
ON CONFLICT (city, state) DO NOTHING;
